first_name,last_name
Alex,Daley
Alexus,Bonaparte
Andrea,Rottman
Ashley,Klugman
BB,Moncrief
Becky,Means
Bonnie,West
Brian,Guevara
Briana,Ziino
Case,Dunavant
Connor,Arnold
Dakota,Stephens
Eli,Massengale
Fredia,Clark
Hannah,Curtis
Heather,Henderson
Isaac,Parkinson
Jamie,Harper
Jeanenne,Green
Jillian,Green
Julia,Moorhead
Keishah,Tanner
Ken,Green
Keri,Kaitu
Kim,Mechling
Lauren,Murray
Lisa,Keil
Marion,Greco
Mary,Marshall
Mckenna,Schroeder
Megan,Brigadier
Melissa,Traughber
Micah,Nishimura
Nathan,Moorhead
Patrick,McKinley
Paula,Hasle
Leisa,Rintala
Robin,Waguespack
Rose,Stone
Sabra,Sandoval
Shanya,Schweitzer
Solomon,Labrum
Stephanie,Lopez
Steve,Hutchings
Steve,Pasillas
Tiffany,Green
Tina,Ellett
Weston,Brockbank
