name,office
100 Graham,MH
1215 Slocum Investments,MH
1701 Bayhouse LLC,MH
180 Wellness LLP,MH
1st Propane North Texas LLC,MH
2009 Crooked Stick LP,MH
2018 Horton Family Trust,MH
2025 Marine Corp League Convention Corp,MH
222 Starnes LP,MH
2 A's of a Kind LLC,MH
301 S & F LLC,MH
316 Extreme LLC,MH
318 Cole Investments,MH
3798 Glade Investment Ltd,MH
3D Technologies,MH
3 VSL LLC,MH
4315 Bryan Street,MH
44 Lighthouse Pagosa Springs LLC,MH
4Ever Angels. LP,MH
"4Rae Enterprises, LLC",MH
"500 Beverly, LLC",MH
5121 Thompson Terrace Partnership,MH
550 N. Carroll LLC,MH
5 Solas Ranch LLC,MH
5 Star Wellness PLLC,MH
600 Bear Cat LP,MH
731 LLC,MH
"8th & Veatch, LLC",MH
A4H Enterprises LLC,MH
A and C Investors LLC,MH
"Aaron, Brent & Candice | S1024",MH
"Aaron, Harley & FeSherry | S1026",MH
"AASE, LLC",MH
"Abercrombie, Carter & Angi",MH
"Abercrombie Payments, LLC",MH
"Abiodun, Femi",MH
Abiodun Gastro Practice PA,MH
"ABKMDK Investments II, LLC",MH
ABKMDK Investments LLC,MH
"Abraham, Abin & Jane",MH
"Abubaker, Mustafa",MH
"A & C Investors, LLC",MH
Action Orthopaedics & Sports Medicine PLL,MH
ACW Consultants LLC,MH
"Adami, Jill & Andrew Adami",MH
"Adami, Jill GST Trust",MH
"Adams, Eleanor Kay | S1027",MH
"Addison Airport of Texas, Inc.",MH
"Adeyemo, Megan",MH
Adie Real Estate Invements LLC,MH
Admin,MH
"A Doctors Touch, LLC",MH
Advanced Spine Solutions PA,MH
AdvisorHP LLC,MH
Aerial Reconnaissance LLC,MH
"AES Advisors, Inc. | S1259",MH
"Ahrens, Charles & Ann | S1028",MH
Aidan Thomas O'Neil Trust,MH
AJB Capital LLC,MH
"Akers, Katherine",MH
"Akey, Charles & Violet",MH
AKF Associates LLC,MH
"Alacade, LLC",MH
"Albertson, Raymond & Katherina",MH
"Alexander, Deanna | S1029",MH
"Alexander, Pat",MH
"Alexander, Pat Trust",MH
"Alkhersam, Husam & Basmal",MH
"Allen, Gary & Krista",MH
"Allen, Sandra",MH
All Fired Up LLC,MH
"Alliance Drywall, Inc.",MH
Alliance Foot & Ankle Specialists,MH
"Alliance Telecom, Inc.",MH
"Alliance Telecom, Ltd.",MH
Allied Family Services Inc,MH
"Allred, Brandon & Brecht",MH
"Allred, Jeff & Missy",MH
"Allred, Kevin & Jacquelynn",MH
"Allred, Linda",MH
Allstate Construction Company,MH
Alma Gastroenterology,MH
"Alma Sales, Inc.",MH
Alodis Holdings LLC,MH
"Alodis Properties, LLC",MH
Alphatronic Inc,MH
"Alumbaugh, Jody & Angela",MH
"Alvarez, Victor",MH
Amaury & Candace Almeyda,MH
Ambrogio Consulting Services LLC,MH
"Ambrogio, Sylvia",MH
Ambrose Automotive Investments LLC,MH
"Ambrose, Kenneth & Stacy",MH
"Ambrose Oil & Gas Investments, LLC",MH
American Landscape & Design LLC,MH
AmeriFlex Lifestyle Systems LLC,MH
Amy Lynn Vercruysee Trust,MH
"Anderson, Brad & Caryn",MH
"Anderson, Glen & Barbara",MH
"Anderson, Joshua & Jennifer",MH
"Anderson Miller Interests, LLC",MH
"Angela Cope, MD, PA",MH
"Angle, George & Karen | S1030",MH
"Angle, James & Christine | S1030",MH
"Angle, Sarah | S1031",MH
"Annette Colby, Inc.",MH
Ann Marie Schingle Trust,MH
"Anthony, James",MH
Applied Technology Services LLC,MH
"Appling, Kyle & Michelle",MH
Appling Properties LLC,MH
A Prompt Computer Service Inc,MH
"A.R.A.F., Inc.",MH
"Architex Construction, LLC",MH
"Argote, Luis & Shanna",MH
"Argote, Marco",MH
"Argote, Mateo & Amber",MH
"Arts With Heart, LLC",MH
"AskWhyCo, LLC",MH
"ASSAAD, LINA",MH
"Asuncion, Jamie",MH
"Atlas Spine, Inc",MH
"Atwell, Kenneth & Rebecca | S1002",MH
"Atwood, Amy",MH
Atwood Custom Homes,MH
"Atwood, Jon",MH
"Audio Horizons, inc",MH
Aurora Family Trust,MH
"Aurora, Rashmi Nisha Trust",MH
"Aurora, Ravi",MH
"Aurora, Vikas & Arin",MH
"Ausbern, Randy & Allison",MH
"AUSTIN, DAVID",MH
"AUSTIN, JOHN",MH
AVJ Real Estate LLC,MH
AXO Properties LLC,MH
"Bahjat, Zabih",MH
"Bain, Elizabeth",MH
Baiyu Properties LLC,MH
"Bakan, PLLC",MH
"Baker, Charlene | S1035",MH
"Baker, Scott & Alicia",MH
"Baker, Whitney | S1035",MH
"BalletConnect, LLC",MH
Banded Land LLC | S9001,MH
Barbara Kelly Norrell Living Trust,MH
"Barefield, Joyce | S1036",MH
"Barfield, David & Elizabeth",MH
"Barger, Marc",MH
Bar G Investments LLC,MH
"Barhydt, Linda",MH
"Barhydt, Michael",MH
"Barnes, Troy & Jessica",MH
"Barr, Emily G & Tyler E",MH
"Barton, Jay & Linda",MH
"Bartush, Katherine",MH
"Bassaidi, LP",MH
"Battleground Fitness, LLC",MH
"Batts, Allison",MH
"Baumgartner, Ryan",MH
"Bausticker, William & Gae",MH
"Baxter, Victor & Becky | S1038",MH
"Baygents, Brea",MH
"Baze, John & Marion",MH
BBAB Ventures LLC,MH
"BB Owen Properties, LP",MH
B Creeser Consulting Inc.,MH
"Bean, Harry & Anne | S1039",MH
Bear Creek Ventures LLC,MH
"Beasley, Steve",MH
"Beatty, Michael",MH
"Beatty, Richard",MH
"Beatty, Robert DDS PA",MH
"Beatty, Rob & Suzanne",MH
BEBS Family Partners LP,MH
"BEBS, LP",MH
"Becera, Josh & Lauren",MH
"Beckman, Diane",MH
BEH Services LLC,MH
Belinda's Blooms,MH
"Bell, Jeremy & Kelly",MH
"Bell, Michael, MD, PA",MH
"Bell, Michael & Sharon",MH
"Belmere Group, LLC",MH
"Belvedere, Joe & Alesa",MH
"Benedict, Michael & Margaret",MH
"Benham Orthodontics, PA",MH
Benjamin Owen Zechariah Vache Trust,MH
"Bennett, Aaron & Heather",MH
"Bennett, Charles & Catherine | S1040",MH
Bernice F Berger Trust | S1305,MH
"Bertram, Donna | S1042",MH
"Best, Brendan",MH
"Best, Joel & Susan",MH
"Better Box, LLC | S1031",MH
BG Fox LLC,MH
Big Bacon Enterprises,MH
Big Picture LLC,MH
Big Screen Berkan LLC,MH
"Bijlani, Amit & Fijita Patel",MH
Bijlani Patel Fund LLC,MH
"Binyon, Glennda (Irene) | S1043",MH
"Birchett, Kimberly | S1044",MH
"Birchett, Melissa | S1045",MH
"Bishop, Michael & Sarah",MH
"Bittick, Donald & Jana",MH
Black Dog Holding LLC,MH
"Blair, Brian & Kelli | S1046",MH
"Blaser, Cole",MH
"Blaser, Jason & Theresa",MH
"Blaser, Saralou",MH
"Blueeye International, Inc. | S1173",MH
Blue Flamingo V LLC,MH
"Blue Quill Investments, LLC | S1254",MH
"Blue Sea Anesthesia, PA",MH
BLW Concrete,MH
BOA Capital,MH
"Boardwalk Enterprises, LLC",MH
"BODY RENEW STUDIOS, LLC",MH
"Boeck, Ingeborg",MH
"Bogart, Talethia & Andrew (Nolte)",MH
"Bohannon, Jennifer",MH
"Boktour, Waseem & Josephine",MH
"Bold Media, LLC",MH
"Bolsius, David",MH
"Bolsius, Paula",MH
"Bombay Ice Ventures, LP",MH
"Bonnette, Alex & Shelby",MH
Bonnette Elite Physical Therapy & Wellnes,MH
Bonnies House,MH
Book Mark Vacations LLC,MH
B&O Partners LP | S1305,MH
"Bornheim, Sherilyn",MH
"Boros, Stephen & Mary",MH
"Bossinakis, Nicholas & Lacy",MH
"BOSWELL CAPITAL, LLC",MH
"Boswell, Jeremy & Kara",MH
"Bosworth, Jeremy & April",MH
Botard Insurance Trust,MH
"Bowland, Donna",MH
"Bowling, Nancy J",MH
"Bownds, Lawrence",MH
"Brannon, Billie",MH
"Brannon, Bruce & Hilda",MH
"Bratt, Linda",MH
"Bratt, Roland & Martha | S1049",MH
"Bratt, Ronnie & Alicia | S1050",MH
"Brazelton, Mark & Janet",MH
"Brazil, David & Roberta",MH
"Brazleton, Mark & Janet | S1053",MH
Brenda Jean Hughes Estate,MH
Bret Wise Trust,MH
"Brewer, Mark & Melanie",MH
"Brian Cumberland Investments, LLC",MH
"Bright Side Builders, Inc.",MH
BRIGHT SIDE CAPITAL LLC,MH
"Brink, Jonathan D | S1054",MH
"Brink, Wayne & Marilyn | S1055",MH
Britton Family Trust,MH
"Brkic, Mladen & Nina Brkic",MH
"Brockman, David & Mary",MH
"Brooks & Morgan, LLC",MH
"Broussard, Jennifer",MH
"Brown, Clay & Shannon",MH
"Browning, Sylvette",MH
"Brown, Louis & Vicci",MH
"Brown, Nicole",MH
"Brown, Shaun & Kelly",MH
"Brown Welding, LLC",MH
"Brumit, Rodney & Peggy | S1017",MH
"Brunner, Earl & Jenny",MH
Brush Hawk Land Services LLC,MH
"Bryan, Pablo & Azecena",MH
"Bryant, Kristina",MH
Bryant Living Trust,MH
"Brynwyck Equity Partners, Ltd.",MH
"Buccino, Ed & Amanda",MH
"Buhr, Dave & Cindy",MH
"Building Block Management, Inc.",MH
"Built Strong Services, Inc.",MH
Bullington Real Estate Holdings LLC,MH
"Bullington, Stan & Holly",MH
"Buntin, Robert & Esme",MH
"Burks, Monica | S1056",MH
"Burlison, Karen",MH
"Burnham, David & Mary",MH
"Burns, Lee Roy & Saundra",MH
"Burrow, Shannon",MH
"Burton, Dustin & Ellenie",MH
"Busby, Lynn & Darlene",MH
"Bush, Mark & Kathy",MH
Business of Elan Vital PLLC,MH
"Butler, Jerome",MH
"BUTLER, JEROME & ANNA",MH
"Butler, Susan",MH
"Buzbee, Marymimi",MH
"Byram, Chris",MH
"Byrd, Brandon & Terrye",MH
"C2 Roofing Solutions, LLC",MH
Cabaniss Club,MH
"Cabaniss Management Company, LLC",MH
"CAC Consulting, Inc.",MH
CALLING DFW HOME LLC,MH
Calloway Investments LLC,MH
"Calloway, Yvonne",MH
"Callus, William",MH
"Cameron, Michael & Kathleen",MH
"Capone, Louis & Margaret",MH
CAPROCK INNOVATIONS LLC,MH
Carablu Capital LLC,MH
Carol J Spiros Living Trust,MH
"Carpenter, Chris & Carrie | S1061",MH
"Carpenter, Robert Sr & Penny",MH
"Carpenter, Sherry",MH
"Carr, Dennis",MH
"Carr, Greg & Karen",MH
"Carter, Tanya",MH
CASCIA PROPERTY LLC,MH
"Casem, LLC",MH
"Casey Jones Investments, Ltd.",MH
"Cashion, Rosemarie | S1062",MH
"Casodyn Advisors, LLC",MH
Cassie's Frozen Yogurt LLC,MH
"Castle Door & Millwork, Inc.",MH
"Castleton II, William & Patsy Lou",MH
"Caunitz, Thomas & Christy",MH
"Caussey, Chad & Barbara",MH
CAW ENERGY LLC,MH
"Cerrato, Robert & Jennifer | S1063",MH
C'est La Vie,MH
"Chambers, James & Elizabeth",MH
"Chandler Homes, Ltd.",MH
"Chaos Free ADHD, LLC",MH
"Charles, Anndean",MH
"Charles, Brandon & Melissa",MH
Charles Crawford Trust,MH
Charles & Elieen Su,MH
"Charles Railsback, MD, PA",MH
Charles Su Family LP,MH
Charles Y. Su Family GP LLC,MH
"Charles Y. Su, MD, PA",MH
Charlie Real Estate Investments LLC,MH
Charlie Wings LLC,MH
"Cherian, Robin & Shirley | S1343",MH
CHERRY LANE PARTNERS LP,MH
CHERRY LANE PROPERTIES GP INC,MH
Chest La Tee Shop,MH
"Childress, Ryan",MH
Chirometrix LLC,MH
Chiron Medical Inc.,MH
Chiroplus North PC,MH
"Chiropractic & Rehab Center, Inc.",MH
"Chisholm Springs Development Co., Inc.",MH
CHNR Management LLC,MH
"Chote, Blake & Richelle | S1126",MH
"Christensen, Scott & Haily",MH
"Christian, Jessica | S1064",MH
"Christiano, Charles & Betty",MH
"Christianson, Brandon MD PA",MH
"Christman, Mark",MH
"Circle J Specialties, LLC",MH
"City Taverns, L.P.",MH
"Clarke, Justin",MH
Clayborne Estates LLC,MH
CLEARLY MINISTRIES,MH
Clearpoint Wealth Management,MH
"Clearpoint Wealth Management, LLC",MH
"Clemmer, Robert & Laura",MH
"Clore, Chuck & Lisa",MH
"Clore, Steve & Sarah",MH
"Cloud, Betty",MH
"Cloud, Timothy Trust",MH
"Clutterbuck, Kevin & Theresa",MH
CMI Properties LLC,MH
"Cobra Turbine Services, LLC",MH
"Cohan, Michael & Francine",MH
Colbert Family Irrv Trust DTD 3/15/24,MH
"Colbert, Stephen & Cheryl",MH
"Colby, Christopher & Kara",MH
"Coleman, Robert & Gretchen",MH
"Coley, Casey & Kim",MH
Colorado Four Play LLC,MH
"Colt Medical Enterprises, Inc.",MH
"Comer, David & Tonya | S1066",MH
"Comer, Jackson",MH
Comer Ranch LLC,MH
Comfort Keepers,MH
"Comley, Scott & Meredith",MH
"Commerce Ice House Property Mgmt, LLC",MH
"Compton, Cody & Julie",MH
Conkwright Properties LLC,MH
"Conkwright, Robert & Rose",MH
"Connolly, Joseph & Sarah",MH
Connor Gleghorn Beneficiaries Trust,MH
"Conroy, Michael & Joni",MH
"CONSIGNMED BIOLOGICS, LLC",MH
"ConsignMed, Inc.",MH
"Convergence Capital, LLC",MH
"Convergence Management, LLC",MH
"Convergence Properties, LLC",MH
"Cook, Michael & Glenda",MH
"Cook, Troy",MH
"Cool Greens, LLC",MH
"Cooper, Jerry & Laura | S1010",MH
"Cooper, Stacy & Deborah",MH
"Cooper, Tony & Joann",MH
"Cope Family, Ltd.",MH
"Cope, Russell & Angela",MH
"Coplin, Dwayne & Marianne",MH
"Coplin, Estate of Frederick Eugene Coplin",MH
"Corbett, Candice | S1068",MH
"Corbett, James | S1069",MH
"Cormier, James & Janette",MH
"Cornerstone Prosperity Partners, LLC",MH
"Corzine, Darrell & Dawn",MH
"Costello, Michael & Julie | S1071",MH
"Cotten, Kenneth & Stacy | S1072",MH
"Couch, Rebecca",MH
"Couch, Rebecca Trust",MH
"Courtney G. Walters, MD, PA",MH
"Cowart, Don & Theresa",MH
COWCO OPERATIONAL VENTURES INC,MH
"Cowgill, Jared & Angie",MH
"Cowgill, Max",MH
Cowtown Sandwich Works LLC,MH
"Cox, Bill & Therese | S1073",MH
CQE Investments LLC,MH
Craig Jones,MH
"Crane, Ben & Heather | S1074",MH
"Craycraft, William & Catherine",MH
"Creeser, Brett",MH
Crestmont Partners LLC,MH
CRIMSONBLU LLC,MH
"Cross, Connor",MH
"Cross Timbers Surgery Center, LP",MH
"Crowder, David & Leigh Ann",MH
"Crowder, Eleanor R",MH
"Crowder, Franklin D",MH
CRPS & Neuropathic Pain Center of America,MH
"CR Support Services, Inc.",MH
"Cruz, Michaelangelo",MH
"Crystal Forest, LLC",MH
Crystal Timber Ranch LLC,MH
"CSquared Energy Solutions, LLC",MH
"CSquared Payment Solutions, LLC",MH
"Cuffe, John D. & Judith",MH
"Cumberland, Brian",MH
"Cumberland, Willard & Bobann",MH
"Cummings, Mary",MH
"Cummings, Mary Living Trust",MH
"Curb, Tommy & Dia",MH
"Cutrona, Joseph & Tracy",MH
D3ten Enterprises LLC,MH
"Dagel, Delbert & Amneris Luque",MH
"Dahlbo, Stephen & Lana",MH
Dakota Consulting & Services LLC,MH
DAK Properties LLC,MH
Dalis Holdings LC,MH
Dallas Mike & Associates LLC,MH
Dalpaso Properties LLC,MH
"Damron, Joe & LaGail",MH
"Danchak, John & Alisha",MH
"Daniels, David & Judith",MH
Daniel Stuart Hicks Trust | S1124,MH
"Dannis, Vince & Marrtha | S1076",MH
"Dapkiewicz, Robert & Sherri",MH
Darosa Holdings LLC,MH
Davajust Inc,MH
"David Daniels, LTD",MH
"Davidson, Judith | S1077",MH
"Davidson, Sanda",MH
"Davies Consulting Group, LLC",MH
"Davies Jr., Michael",MH
"Davies, Michael & Constance",MH
"Davila, Jonas & Carrie",MH
"Davis, Amira",MH
"Davis Industrial, Inc.",MH
"Davis, Jerry & Dean",MH
"Davis, Larry & Kim",MH
"Davis, Larry & Sheila",MH
"Davis, Lynn",MH
"Davis, Tommy & Patricia",MH
"Day, Korey & Mary",MH
"Dean, Josh & Whitney",MH
Decompression Management Services LLC,MH
"Deep Blue C, LLC",MH
Delaney Welborn Investments LLC,MH
"Delannoy, Ryan & Jamie",MH
"Deleo, Frank & Dawn",MH
"Deloach, James",MH
DEMA Limited Partnership | S1284,MH
Denise Ann Gant Trust,MH
"Dental Specialists of Saginaw, PA",MH
Denton Sandwich CSW LLC,MH
Deptula Consulting LLC,MH
"Deptula, John & Therese",MH
"DeRico, Pasquale & Tawnya",MH
"Detzel, John & Donna",MH
Devonshire Ventures LLC,MH
"DFW Orthodontic Associates, PA",MH
"Dieguez, Kelley",MH
"Dieperink, Erick & Stephanie",MH
"Digital Filing Solutions, Inc.",MH
DIGITAL LOUPE LLC,MH
"Dincer, Berkan & Allyson",MH
"Dincer, Bertan",MH
D J Musick Inc.,MH
DJ Riggs Property Holdings LLC,MH
D & L McVean Inc.,MH
"DNA Commercial Solutions, LLC",MH
"DNA Crew, LLC",MH
"Dobyns, Dustin & Stacy",MH
"Doin' IT, LLC",MH
"DO-IP Products, LLC",MH
Donald A. Anderson Trust,MH
"Donat, Clark & Ruth | S1079",MH
Donna Riggs 2021 Irrevocable Trust,MH
Don Riggs 2020 Insurance Trust,MH
Dorothy Nell Botard Trust,MH
"Dose, Theodore & Vera",MH
DOT Compliance Group LLC,MH
"Dotson, Patrice",MH
"Double Construction Services, LLC",MH
"Dougherty, Tim & Roxanne",MH
"DoveInk, LLC",MH
Doyle Welch Enterprises Inc. | S1284,MH
DRS Advisors LLC,MH
DRS Legacy Holdings LLC,MH
"Drury,  Benjamin MD PA",MH
Dryden Ranch LLC,MH
"Dryden, Reed",MH
"Dryden, Rodney & Gaye",MH
"Ducato, Greg & Lynn",MH
"Duffy, Cory and Salina",MH
"Dugan, Marjorie",MH
"Durbin, Harry & Anne",MH
"Durbin, Jr. James & Shellie",MH
"DWR Contractors, Inc.",MH
Dynamic Landscapes & Designs LLC,MH
Dynasty Welding LLC,MH
DZine Investment LLC,MH
"Eady, Daniel",MH
"Early, Franklin & Joyce",MH
Early Out,MH
"Earney, Michelle",MH
"Easley, Lloyd | S1085",MH
"Eason, Leslie",MH
"Eclipse Freight Systems, Inc.",MH
Edinburgh Properties LLC,MH
"Edwards, Aaron",MH
"Edwards, Aaron & Amanda",MH
"Edwards, James",MH
Edwards Montana Holdings LLC,MH
"Edwards, Paul | S1086",MH
"Edwards, Robert & Aundra | S1087",MH
EEK Properties LLC,MH
"Effective Plan Management, Inc.",MH
"Efficient Facilities International, Inc.",MH
Eglington Development Ltd,MH
"Eichhorn, Luanne",MH
"Eichinger, Mark",MH
"Eichten, Stephen & Stephanie",MH
"EJB Development, Inc.",MH
EJB Technologies LLC,MH
"Elder, Jeff & Kasi",MH
El Elyon Ranch,MH
Elite Laser LLC,MH
"Elite Spine, Inc.",MH
Ella Korenek GST,MH
"Elledge, Michael",MH
"Elledge, Michael & Dalia",MH
"Ellison Group Holdings, LLC",MH
Emergency Services Associates,MH
Emerio LLC,MH
"Emerson, Teri & David",MH
"Emerton, Jill & Preston",MH
EMH Mid-Cities PLLC,MH
EMPI Limited Partnership,MH
"Encalade, Betty",MH
ENT Building LLC,MH
"Entirely Interiors, Inc.",MH
"Envirotech Water Treatment, LLC",MH
"Epoch Resources, Inc.",MH
Equipment Specialists LLC,MH
"Equity Roofing and Construction II, Inc",MH
"Eranki, Sasidhar & Vidhu",MH
ERE Holdings LLC,MH
Eric Keith Schmidt Trust | S1240,MH
Erin McMenamin,MH
Ernest J. Encalade Trust,MH
Ervin HIcks Test Trust,MH
"ESA-GP, LLC",MH
"Espinosa, Chris & Kirstie",MH
"Esser, Inc",MH
Estate of Dorothy M Roach,MH
"Estes, Frank & Bonnie",MH
"Estes, Rebecca",MH
"Ettinger, Mark & Gena",MH
"Ettinger, Mark MD PA",MH
"Eufaula Chiropractic Doctors, Inc",MH
"Evans, Arlen & Trisha",MH
"Evans Elevator, Inc.",MH
"Evans, Tisha",MH
"Evans, Will & Cathy",MH
Ewell Adams Revocable Trust EW,MH
Expedition Plaza Property Owners Assoc,MH
EYESthere Digital Video Security,MH
"Fabuyi, Yemi & Rae-Andrea",MH
"Facility Concepts of Texas, LLC",MH
"Factor, Mitchell & Carol | S1092",MH
"Fairweather Medical Group, Inc.",MH
Faith Valley Tool LLC,MH
"FALKENBERG, MARK & JENNIFER",MH
Family Geriatrics PA,MH
"Fantini, Nicholas & Jennifer",MH
"Farber, Wes & Jamie",MH
"Farish, Nicholas & Jessica",MH
"Fawcett, Sr., Maurice & Bettye",MH
Fay Bypass Trust,MH
"Fay, Joanne",MH
"Fay, Nathan & Kristin",MH
"FEAH Southwest, LLC",MH
"Featherson, Ariel (Nolte)",MH
"Fedro, Sandra",MH
"Fedro, Scott & Brooke",MH
"Feels Like Home, Inc",MH
"Fellingham, Lincoln & Ronda",MH
Felmar Logic LLC,MH
"Fender, Jennifer | S1094",MH
Ferrari Insurance Group,MH
"Ferris, Robert & Kristin",MH
"Fetters, Blake",MH
"Fetters, Brad Decendents Trust",MH
"Fetters, Brad & Desiree",MH
FHS DFW Restaurant Group II LLC,MH
FHS DFW Restaurant Group LLC,MH
"Finnigan, Jay & Jennifer | S1096",MH
Firstax,MH
First Watch LLC,MH
"Fisher, Richard",MH
Five Ponds LLC,MH
"Flaherty, John & Lori",MH
"Fleas, LLC",MH
"Fleischmann, Peter & Kathy",MH
"Fleishman, Peter",MH
"Fletcher, Gene DO PA",MH
"Fletcher, Jason & Lisa",MH
"Flippin, Rebecca | S1098",MH
"Florence, Craig & Kristin",MH
"Florence, David & Darlene",MH
"Flowers, Ken",MH
"Floyd, Bion K",MH
"Fogel, Neil & Morgan",MH
"Ford, Mark & Gaylein",MH
Forest Park Development LLC,MH
Forever Angels Family LP,MH
FOR THE FEATHS LLC,MH
"Fortner, Andrew & Britney",MH
Fort Worth Health Alliance LLC,MH
"Fossil Creek Station Condo Assoc., Inc.",MH
Fountain of You Medical & Regenerative,MH
Fountains at Riverwalk Owners Assoc,MH
"Fox, Brian",MH
Fox Brothers Holding LLC,MH
"Fox, Greg & Amanda",MH
"Fox House Enterprises, LLC",MH
Foxtrot Wealth LLC,MH
"Frank, Adrian & Danielle | S1084",MH
"Frankel, Donna",MH
"Franklin, Brian",MH
"Frank, Victoria",MH
"Freeman, Robert & Julie | S1103",MH
"Freight Exchange Network, LLC",MH
"Frerich, Jason & Maritza",MH
"Fresch, Deborah | S1104",MH
"Frick, David & Priscilla",MH
Friedman Family Trust,MH
Frisco Family Investors LLC,MH
"Froehlich, Matthew & Kay",MH
"Frost, Mitchell & Lauren (Cotton)",MH
"FT Holdings, Inc.",MH
Fulcrum Wealth Planning LLC,MH
"Fullerton, Carol",MH
Funk Communication Technologies Inc,MH
"Furbeck, David & Doria | S1105",MH
"Future Partners, LLC",MH
"Future Telecom, LLC",MH
"Gabram, Doug & Associates LLC",MH
"Gabram, Douglas & Lori",MH
"Gage Group Ministries, The",MH
Gage Morgan,MH
"Gair, Matthew & Angela",MH
"Gallaway, Jessica",MH
"Galloway, Jermaine & Jessica",MH
Galveston Bay Health Science LLC,MH
"Gameday Productions, Inc.",MH
"Gamez Juarez, Jose & T'Ana",MH
Ganache Enterprises LLC,MH
Gandershef LLC,MH
"Gant, Denise A | S1106",MH
"Garcia, Annalisa",MH
"Garcia, Gabriella",MH
"Garcia, Heath & Tabrina",MH
"Garcia, Kevin & Sona",MH
"Garcia, Paco & Mary",MH
"Garcia, Paul & Jessica",MH
"Gardino, Augustine",MH
"Gardner, Steve & Kathy",MH
"Garlin, Annemarie",MH
"Garrett, Jonathon & Elizabeth",MH
"Garza, Julie | S1107",MH
Gasket Guy of DFW LLC,MH
Gastroenterology Practice Associates PLLC,MH
"Gavora, Jill",MH
GBCTX196 LLC,MH
"G & C Investments, Ltd.",MH
"GDFD, LLC",MH
Gearshift Promotions,MH
GEC Insurance Services LLC,MH
"Geddie, Chris & Mindy | S1108",MH
"Gelato Lovers, LP",MH
"Gelles, Karen & Keith",MH
"Genaro, Lorayne",MH
"Genesis Doctors Group, LLC",MH
"Genis, Xavier & Nuria",MH
"Gentry, Craig & Jordan",MH
"George, William",MH
"Gerald A. Sheffield, MD, PA",MH
"Gerland, Eddie & Linda | S1109",MH
"Getchell, Shawn & Loretta",MH
"Getz, Mary Ellen",MH
"GHCMC Holdings, LLC",MH
GHS 10th Man Club,MH
"Gibbs, Barry & Joan",MH
Giddens Gallery of Fine Art,MH
"Giddens, John & Cherie",MH
"Gifford, Kathleen",MH
"Gilbert, Rebekah & Jeremiah",MH
"Gilet, Jason",MH
"Gilliam, Sally",MH
"Gill, Tejbir & Navneet",MH
Gilman Investments LLC,MH
"Glacier Homes Holdings, LLC",MH
"Glacier Homes SA, LLC",MH
GLA Properties LLC,MH
"GLEATON, MARCUS & SHANNON",MH
"G.L. Jones Holdings, LLC",MH
"Global SFR - TX, LLC",MH
"G-Man Holdings, Inc.",MH
"Gober, Greg & Gyna",MH
"Golden, Linda",MH
"Gonzales, James & Joan",MH
"Gonzales, Sammy & Cynthia | S1111",MH
"Gonzalez, Arnulfo & Thelma",MH
Good Samaritan Homes and Builders LLC,MH
Good Samaritan Homes & Realty LLC,MH
"Gordon, Beth",MH
"Gordon, Erin & Andrew | S1322",MH
"Gordon, Marc",MH
G P Sportsman's Development Inc,MH
Graceland Assets LLC,MH
"Grado, Lynn & Linda",MH
"Graham, Jay & Susan | S1113",MH
Grand Champion Enterprises LLC,MH
"Grandinetti, James & Phyllis | S1306",MH
Grand Prairie Sportsmans Development Inc.,MH
Grapevine Endocrinology PA,MH
"Graves, Steve & Leslie",MH
"Graybeard Endeavors, LLC",MH
"Grayson, Spence | S1159",MH
GREEN CURTIS DALEY CPAS PLLC,MH
"Greene, Charles",MH
"Green, Geoff & Sheryl Adkins",MH
Gregory S. Potts,MH
"Griffin, John Mark & Kathryn",MH
"Griffin, Nick",MH
"Grigsby, Gary & Kathryn | S1114",MH
GRJ Management Services LLC,MH
"Gross, Eli & Melissa",MH
"Gross, Erik & Brandi",MH
"Grossman, Lisa",MH
"Grossman, Page",MH
G Squared Investments LLC,MH
"Guerin, Samuel & Mary",MH
"Guinn, Christy | S1115",MH
Gulf Coast Fishing Charters LLC,MH
"GUNNIP, KEVIN & SARAH",MH
"Guy, Sean & April | S1037",MH
"Gwinn, Heather",MH
"Hagli, David & Rebecca",MH
"Haile, Nathan MD PA",MH
"HALE MENTAL HEALTH, PLLC",MH
"Hall, Charles",MH
"Hall, Greg & Kelly | S1011",MH
"Hall, Jack",MH
"Hallmark, Jeffrey & Sandra",MH
"Hall Right of Way, LLC",MH
Hall. Roger and Shalynn,MH
"Hall, Scott & Casey",MH
"Hamaker, John & Elizabeth",MH
"Hammond, James",MH
"Hancock, Melody",MH
"Hancock, Tanner",MH
"Handley, Floyd & Helen",MH
Hannah Noel Knox Trust,MH
"Hansell, Kenneth",MH
"Hansen, J Blake & Frances",MH
"HANYAN HOLDINGS, LLC",MH
"Harder, Gerald & Loree",MH
"Harder, Jonathon & Gabrielle",MH
"Hardin, Chad & Jennifer",MH
"Haro, Jonathan & Brittany",MH
"Harper, Alex & Angela",MH
Harrietta Ranch Ltd.,MH
"Harrison, Alex & Michelle",MH
"Hart Marketing, LLC",MH
"Hart, Steven & Cheryl",MH
"Harvey, Barbara",MH
"Harvey, Elizabeth",MH
"Harvey, Joshua & Jordan Aillet",MH
"Haussecker, Jamie & Matthew",MH
"Hawkins, Chris & Patricia",MH
"Hawkins Financial Group, Inc. | S9013",MH
HAWTHORNE PROPERTY PARTNERS,MH
"Hawtrey, Nick",MH
"Hayfield Ice and More, LLC",MH
"Haynes, Michael & Alesha",MH
"Hays, Ben & Laura",MH
"Hayward, Martin & Amy",MH
Hazel Creeser Irrevocable Trust,MH
"HCP Financial Services, LLC",MH
"HCP Title, LLC",MH
"HCSCALA, LLC",MH
"HDP Construction, LLC",MH
Health Strategy Partners LLC,MH
"Hebert, Edward & Elizabeth",MH
"Hecht, Phillip & Nicole",MH
"Hedenberg, Jackie",MH
Heitz Properties LLC,MH
"Helmers, David",MH
"Helt, Marcus & Karie",MH
"Henriksen, Ben & Holly",MH
"Henry M. Prost, MD, PLLC",MH
"Hensley, William & Linda",MH
Heritage Electric & Technology Solutions,MH
Her Life in the Fast Lane LLC,MH
"Hernando, John & Ana",MH
"Herr, Bonita",MH
"Herrera, Dennis & Susan",MH
"Herrera, Miguel",MH
Herrera Tax and Notary LLC,MH
"Hersh, Harvey & Meyer, Joanna",MH
"Hesland, LP | S9014",MH
"Hevel, Maureen K",MH
HFMM HOMES LLC,MH
HG Blossom LLC,MH
"Hicks, Daniel & Christina Vance | S1124",MH
"Hicks, Daniel & Jennifer | S1124",MH
"Hicks, Mary Linda | S1125",MH
"Hicks, Rebecca",MH
"Hicks, Sharon",MH
Higgs Electric Ltd,MH
"Higgs, Hunter",MH
"Higgs, Jay & Amber",MH
"Higgs, Maxine",MH
Highland Landscaping LLC,MH
"Highpoint Staffing, LLC",MH
"Hildebrand, Daryl",MH
"Hildebrandt, Michael & Debra",MH
"Hill, Michael & Samantha",MH
"Hines, Claire",MH
"Hines, Claire Roberge Trust",MH
"Hines, Corbin & Natalie Roberge",MH
"Hines, Emma",MH
"Hines, Eric",MH
"Hines, Eric Laurent Roberge Trust",MH
"Hines/Roberge Enterprises, Ltd",MH
Hinkle Family Trust,MH
"Hinkle, Stephen",MH
"Hoag, Rick & Suzy | S1128",MH
"Hobbs, James & Mary",MH
"Hobby House Hill, LLC",MH
"Hodgson, Robert & Karen",MH
"Hoeschen, Ervin & Donna",MH
"Hoesing, Steve",MH
"Hoesing, Steve & Rita",MH
"Hoffman, Daryl & Irene | S1129",MH
"Hoffman, Edward Jr Marital Trust",MH
"Hoffman, Ruth M.",MH
"Hoffman, Thomas & Carrie",MH
"Hogston, Don",MH
Hohmann Products Inc,MH
"Holder, Sandra | S1130",MH
Holiday,MH
"Holmes, Heather",MH
"Holt, Cynthia & Christopher",MH
Holub Family Trust,MH
"Home Properties 46, LLC",MH
Honyock LLC,MH
"Honyock Partners, Ltd.",MH
"Hood, Matthew & Dawn",MH
Hope Valley Aviation LLC,MH
"Hopkins, Anneliese",MH
Horizon Mobil Homes,MH
Horseshoe Landscape & Construction LLC,MH
Horton Angus LLC,MH
"Horton Aviation, LLC",MH
"Horton Capital Bakers Bay, LLC",MH
"Horton Capital Partners, LLC",MH
"Horton, Carol",MH
"Horton Construction Solutions Africa, LLC",MH
"Horton Construction Solutions, LLC",MH
Horton Escondido LLC,MH
Horton Family Trust,MH
"Horton, Harry & Barbara",MH
"Horton Moss Farms, LLC",MH
"Horton Pedernales, LP",MH
"Horton, Terry & Sammie",MH
"Horton, Trent",MH
"Horton World Solutions, LLC",MH
"Hottenstein, Mary Jo | S1131",MH
"Houle, Shawna",MH
House Fox LLC,MH
"Houston, Mary | S1132",MH
Howard & Ellen Johnson Family Living Tr,MH
Howard Harris MD PA,MH
"Howell, Andrew & Callie",MH
"Hrnack, Scott A. MD PA",MH
"Hrnack, Scott & Shelbi",MH
HSE Admin LLC,MH
"Hubbard, Darren & Delana",MH
"Hudson, Kathy",MH
"Hudson, Mark & Leslie | S1135",MH
"Hughes, Allison & Justin McGrane",MH
"Hughes, Elizabeth",MH
"Hughes, John & Kendra",MH
"Hughes, Kristen E",MH
"Hughes, Lottie",MH
"Hughes, Matthew",MH
"Hughes, Robert and Cynthia",MH
"HULTQUIST, HADEN A",MH
"HULTQUIST, HAILEY K",MH
"Hultquist, Philip & Lily",MH
Huntington-Eagle Company,MH
"Hupf, Elizabeth | S1141",MH
"Hupf, Emily | S1141",MH
"Hupp, Gregory & Catherine | S1143",MH
Hurst M & S Ltd.,MH
"Hutchinson, Brooks & Margaret",MH
"HWS Development, LLC",MH
ICDC,MH
Ice Cold Ventures LLC,MH
"Iman Ali, MD, PA",MH
"Infratects, LLC",MH
"Ingebrigtsen, Dorothy",MH
"Ingmire, Edgar & Dorothy",MH
Inman Bypass Trust,MH
"Inman, Margaret | S1144",MH
Inman Mrtl Trust,MH
In-Response LLC,MH
InstiCo Freight Management Inc,MH
"Institute of Spinal Disorders, Inc.",MH
"Institute of Spinal Excellence, Inc.",MH
Integrated Surgical Services LLC,MH
IRealty LLC,MH
"Ireland, Grant",MH
Irlandesa Investments LLC,MH
"Iron Chinchilla Design Studio, Inc.",MH
ISA3218 Holdings LLC,MH
Isabel May Vache Trust,MH
"Isley, William & Jane | S1146",MH
IV Innovations Inc,MH
"Ivy, Jana | S1320",MH
"Iwejun Family, LP",MH
Jack & Elissa Easdale,MH
Jackie Gibbs Parnell Trust,MH
Jackson Insurance Services LLC,MH
"Jackson, James Barrett | S1147",MH
"Jackson, Nancy Schmidt Trust | S1148",MH
JAD Cowtown Sandwich Works LLC,MH
"Jain, Adesh",MH
"Jain, Asha",MH
Jain Childrens Trust,MH
"Jain, Devin",MH
"Jain, Estate of Rajendra",MH
"Jain, Kristin",MH
"Jain, Law Offices of Kristin H",MH
"Jain, Vikas MD PA",MH
Jamas LLC,MH
"James D. Gonzales, MD, PA",MH
"James, Dustin & Jessie",MH
James Fraank Moore Trust,MH
James J Mahoney DO PA,MH
JandK PK LLC,MH
Janet Schmidt Plowman Trust | S1216,MH
Jay & Barbara Krath Rev. Living Trust,MH
JAY FOB LLC,MH
J BLAKE PROPERTIES LLC,MH
J Chad Professional Training LLC,MH
Jean L Maughan GST Tax Exempt Trust,MH
Jean L Maughan Trust for Erin Sullivan,MH
JEC & Associates LLC,MH
"Jeffers, Danny Rev Trust | S1005",MH
"Jeffers, Mark & Debra | S1005",MH
"Jefferson, Devin & Tricia",MH
Jen Morgan Inspires,MH
"Jennings, Joe & Dina",MH
"Jensen, Philip & Teresa | S1151",MH
"Jensen, Steve & Jodi",MH
"Jeremy R. Lustig, DDS, MS, PA",MH
"Jerger, Kevin & Doni | S1152",MH
"Jerrod Wright Chiropractic, PA",MH
"Jewell, David & Wanda",MH
JFH Legacy,MH
JFH LEGACY HOLDINGS LP,MH
JGB Property Management LLC,MH
JG Golf LLC,MH
Jim Brown,MH
JJD Mental Health LLC,MH
JL Cooper & Associates LLC,MH
J Marketing Advertising Agency,MH
J Marketing Corporation,MH
JMK4 Development LLC,MH
"Joe Lucido & Associates, LLC",MH
Joe Lusk Strain Jr. Trust,MH
"Jogimahanti, Anusha",MH
"Jogimahanti, Kumar & Sudha",MH
"Johann, Melissa",MH
"Johann, Tayler",MH
"John C. Ponder, MD, PA",MH
"Johnson, Christopher & Jacklyn",MH
"Johnson, Dale & Teri | S1155",MH
Johnson Family Sub Trust,MH
"Johnson, James & Johanna",MH
"Johnson, Jerry D & Maria T",MH
"Johnson, Jerry & Sandra Bartlett | S1156",MH
"Johnson, Rodney & Jamelia",MH
Jonathan E Hottenstein Test Family Trust,MH
"Jones, DaVonte'",MH
"Jones, Diane",MH
"Jones, Rich",MH
"Jones, Richard & Cathey",MH
"Jones, Ronald T & Sheila D",MH
"Jones, Trevor & Jennifer",MH
"Jordan, Henry & Michelle",MH
"Jordan, Lisa",MH
Joseph Dane Nolte Trust,MH
"Joseph, Michael & Jennifer",MH
Joshua Clinton Estes Trust,MH
"Joyner, Robert & Cynthia | S1157",MH
"JPC & Associates, LLC",MH
"J & S American Vaults, Inc.",MH
J.S. Anesthesiology & Pain Services,MH
JSR Holding LLC,MH
JTEC Capital LLC,MH
"J & T Lucas Investments, Inc.",MH
JT Richards LLC,MH
"Jussen, Candace",MH
Just Properties LLC,MH
"Jutycosu, LLC",MH
"JZTA, Inc.",MH
"Kaber, LLC",MH
"KAGE Capital, Inc.",MH
"Kampine, Cullen & Alexis",MH
"Kampine, John & Stephanie | S1006",MH
Karon K Properties LLC,MH
"Kavalerchik, David",MH
KD1 Reidential LLC,MH
"Keeney, Scott & Ellen",MH
"KELA Beach Surprise, LLC",MH
"Kelley, Belinda",MH
"Kelly, Georgia",MH
"Kelly, Georgianna Lynn Estate",MH
"Kelly, Georgia | S1007",MH
"Kelly, Michael & Teresa",MH
"Kelly, Sean & Megan",MH
"Kennedy, Brad & Marlene | S1159",MH
"Kennedy, Patrick & Whitney",MH
Kenneth Cotton Trust,MH
"Kent Builders, Ltd.",MH
"Kevin Theleman, MD, PA",MH
Key Components Tasting Co LLC,MH
"Key, Frederick M., Jr., MD, PA",MH
"Key, Leanne",MH
Key RE Investments LLC,MH
KGH Crossroads LLC,MH
"KHJ Design & Consulting, LLC",MH
"Kienast, Joseph & Deanna",MH
"Kiener, Kevin & Gail | S1162",MH
"Kieweg, Giselle",MH
"Killian Custom Homes, LLC",MH
"Killip, Nick",MH
"Killough, Jo Beth | S1326",MH
"Kilroy, Walter & Karyn",MH
King Lynch Productions LLC,MH
"Kizer, Derek & Ester",MH
KJJAR Investments LLC,MH
KJS Claim Service Inc,MH
"Klarich, Sarah",MH
"Klauser, Darren & Kristina",MH
"KLAWITER, THOMAS E",MH
"Klawiter, Trey",MH
"Klawitter, Erin",MH
"Kline, Alan & Dawn",MH
KLMA Casa En La Brazos LLC,MH
"KL Webb Properties, LLC",MH
"Knecht, David | S1164",MH
"Knecht, Kenneth & Karen | S1165",MH
"KNL Investments, LLC",MH
"Knox, Dexter & Hannah",MH
"Koch, Carl & Mary | S1166",MH
"Koo, Kenrick & Trina",MH
"Kraft, Melanie",MH
"Kraft, Robin",MH
Krath B Trust,MH
Kristal Sports LLC,MH
Kristin,MH
Kristina A. Crawford Sub-Trust,MH
"Kubik, Rudolph",MH
"Kuhn, Ruth",MH
"Kunle Iluyomade, MD, PA",MH
"Kyei, Samuel & Pia Abraham",MH
"LaBella, Steve",MH
"Laboi, Nicholas",MH
"Laboi, Samuel & Cynthia",MH
"La Combe, Stacie",MH
"LaCombe, Stacie",MH
"LAGH,  | S1186",MH
Lake Cities Elite Performance Therapy Inc,MH
Lake Country School Foundation,MH
"Lake Resources, Inc.",MH
Lake Richland Chambers LP,MH
Lakewood Estates H O A,MH
"Lam, Annie | S1163",MH
"Land, Richard",MH
"Lane, Harriett | S1170",MH
"Lane, Lee & Mandy",MH
"Laporte, Cassandra",MH
Larry Barnes,MH
Larry Davis,MH
LAR TRADING CONCEPTS LLC,MH
"Latham, Charles & Janice",MH
"Latimer, Scotty Mansfield Trust",MH
"Laurence, John",MH
"Lawhorn, Ethel",MH
Law Office of Shaun G Brown PLLC,MH
Law Offices of Michael R Davies,MH
Law Offices of Michael R Davies Ltd,MH
"Lawson, Ella Kay",MH
"Lawson, Nancy",MH
"Lawson, Steven",MH
"LD Axis, Inc.",MH
Lean with Lina LLC,MH
"Leathers, Justin",MH
"Leathers, Michael & Kristine | S1018",MH
"Leathers, Trey",MH
"Ledgerwood, Clyde & Donna",MH
Leota Hatton Living Trust,MH
Lettuce Invest LLC,MH
"Levinson, Bruce & Tracy | S1174",MH
"Levinson, Josh & Ann-Marie Coffee | S1345",MH
Lewisville Sandwich CSW LLC,MH
"Ley, Reva",MH
Lightstream Networks LLC,MH
"Lightstream Networks, LLC",MH
Linda S Barton Trusts,MH
"Lindly, Swift & Gail",MH
"Lindsay Walden Photography, LLC",MH
LINDSEY JORDAN STERN TRUST,MH
Lionhart Technologies LLC,MH
Lisa O'Harra Real Estate Inc.,MH
"Little Rockers III, LP",MH
Little Rockers LLC,MH
"Lloyd, James & Suzanne",MH
"Lloyd, Shelly",MH
"Lloyd, Veronica",MH
"Lockwood, Hunter",MH
"Lohoefer, Lee & Susan | S1175",MH
Lonesome Dove Design LLC,MH
Lone Star Family Practice PA,MH
Lone Star Renal PA,MH
Lonestar Spine Institute PA,MH
Lone Star Tool,MH
"Long, Jim & Cheryl",MH
"Long, Robin",MH
"Looking Up, Inc.",MH
"Lopez, Jose & Emily",MH
"Losey, Joan | S1176",MH
"Lotrean, Marinel & Marie | S1177",MH
"Lovelady, Brian & Deborah",MH
"LP Travel, Inc.",MH
LRCSB Properties LLC,MH
"LStence, LLC",MH
"LTD2 Enterprises, LLC",MH
Lucas Heritage Trust,MH
"Lucas, John Inc",MH
"Lucas, John (Realtor)",MH
"Lucido, Joe & Sara | S1178",MH
Lucky Tuck NRH LLC,MH
Lucky Tuck Too Inc,MH
"Luke4696, LLC",MH
"Luna Moonflower, L.P.",MH
"Lutrick, Thomas & Shannon",MH
"Lynch, Joe & Sheridan King",MH
LZ Direct Network Group LLC,MH
Maass Grandchildren Trust,MH
MacArthur Sandwhich CSW LLC,MH
"MacArthur, Scott & Julie",MH
"MacMahon, Tida",MH
"Maeyama, Austin & Brittany",MH
"Magee, Steven & Catherine | S1323",MH
"Mahoney, James & Shannon",MH
mamie Louise Payte Living Trust,MH
"Mansell, Kevin & Sarah",MH
Mansfield Sandwich CSW LLC,MH
"Mansour, Albert & May",MH
Marchbanks 2011 Children's Trust,MH
"Marchbanks, John & Vicki",MH
Marcus H. Gleaton O.D. PLLC,MH
Mario G&F Inc,MH
Mark Anthony Johann 2003 Trust,MH
Market Energy Advisors,MH
Marquis Investments LLC,MH
"Marten, Robert & Crystal",MH
"Martinez, Erik & Abigail",MH
"Martinez, Saloman & Maria",MH
"Martin, Joe & Associates LLC",MH
"Martin, Joseph & Leann",MH
"Martin, Mike & Jessica",MH
"Martz, Keith & Michelle",MH
Mas Dinero Enterprises LLC,MH
"Mason, Dale & Sherri | S1013",MH
Mason Family Trust | S1013,MH
"Masquelier, Jeff & Lisa",MH
Mas Repollo Enterprises LLC,MH
Mas Serranos Enterprises LLC,MH
Mas Verde Enterprises LLC,MH
"Mathews, John | S1181",MH
"Mathias, Steven & Pamela",MH
"Matlock, Brian & Kimberly | S9007",MH
"Matthews, Sharon",MH
"Matthews, Troy & Alexis",MH
M Atwood MD PA,MH
"Matyas, Yuri",MH
"Maughan, James & Sherie Giles | S1019",MH
"Maxwell Vache, Ione | S1276",MH
"Maynard, Rebecca M",MH
"May, Tracy L.",MH
"MBEE Properties, LLC",MH
"McBee, Daniel & Carol",MH
"McCall, Robert & Kristi",MH
"McCanlies, Mark & Holly",MH
"McCarty, Jack & Dana | S1183",MH
"McCaslin, Monte & Kristen",MH
"McCauley, Mitch & Wendy",MH
"McCleskey, George | S1186",MH
"McCleskey, William & Joan | S1187",MH
"McColl, Ryan",MH
"McComb, Chris & Kathleen",MH
"McComber, Larry & Janet | S1188",MH
"McCorkle, Bobbie",MH
"McCorkle, Robbie",MH
"McCormick, EC Life Estate Trust | S1197",MH
"McCormick, Joseph & Laura",MH
"McCormick, Morris & Linda",MH
"McCoy, David",MH
"McCoy, James & Kathleen",MH
McCraw Family Trust,MH
"McCraw, Patricia",MH
"McCullah, Clint",MH
"McDougal, Chris & Shannon",MH
McElroy Installations Inc,MH
McElroy Installations LLC,MH
"McFalls, Cathy | S1189",MH
"McHargue, Mark & Sheila | S1190",MH
"McIlroy, Donna",MH
"McKamie, Gary & Paula | S1193",MH
"McKamie, Katherine",MH
"McKeown, Francesca",MH
"McKinley, Beth",MH
"McKinley, Karon",MH
"McKinley, Tim & Linda",MH
"McMenamin, Matthew  & Jan",MH
"McMurrough, Patrick",MH
"McNamara, James & Shannon",MH
"McNeill, Marcella",MH
"McNeil, Marcella",MH
"McPhail, Matt & Jennifer | S1194",MH
"McRae, Sydney",MH
"McSween, Caroline",MH
"MD Matrix Health, Inc.",MH
Medical Reviewers of Texas LLC,MH
"Meek, Karl & Ruth | S1008",MH
"Meeks, Carolyn | S1197",MH
"Mellado, Edwardo & Agueda",MH
"mendez, Edith",MH
Menifee Family Living Trust,MH
Mercer Overpayment,MH
"Metcalf Adair Law Firm, PLLC",MH
"Metcalf, Angela",MH
"Metcalf Law Firm, PLLC",MH
"Metts, Harold & Jeanie",MH
"Mewborn, Charlotte",MH
"Mezynski Trust, Paul & Virginia",MH
"Mezynski, Virgina",MH
"Michael Conroy, Inc.",MH
Michael Haynes,MH
Michael & Monica Cooley,MH
Michelle Appling Realty LLC,MH
"Mid-Cities Ornamental Iron, Inc.",MH
"Middleton, Elizabeth",MH
Midlothian H-H Homes LLC,MH
"Mikula, David & Mandy",MH
"Miller, Aaron & Eileen",MH
"Miller, Becky",MH
"Miller, Chris & Susan",MH
"Miller, Glenn & Kathleen | S1199",MH
"Miller, Jeff",MH
"Miller, Michael Bruce & Shannon",MH
"Miller, Randy & Melanie",MH
"Miller, Ross & Briana",MH
"Miller, Todd & Carrie",MH
"Milligan, Jack & Marjorie",MH
"Minhinnett, Todd & Christi",MH
"Mitcham, Barry & Angela",MH
"Mitcham, Brian",MH
"Mitcham, Carl and Charlsie",MH
"Mitch Dental Lab, LLC",MH
"Mitchell Builders, Inc.",MH
"Mitchell, Kenneth",MH
"Mitchem, Danielle & Tyler",MH
MK3 Group LLC,MH
M & M Lending GP,MH
"Mobley, David & Cheryl",MH
"Mobley Products, Inc.",MH
MODERN GRIT LLC,MH
"Mody, Sid & Harina Vin | S1200",MH
"Molberg, Marvin & Beverly",MH
"Momstown, Inc.",MH
"Monarc Builders, LLC",MH
"Monica Lopez, MD, PA",MH
"Moonlight Ink, LLC",MH
"Moore, Carolynn | S1204",MH
Moore Educational Trust,MH
"Moore, Jan & Mark | S1318",MH
"Moore, Michael D. & Stephanie H.",MH
"Moore, Mike & Cassandra",MH
"Moore, Richard",MH
"Moore, Ronald & Stacey",MH
"Mordah, Lee & Emily",MH
Morgan Family Trust,MH
"Morgan, James & Debra | S1205",MH
"Morgan, Kevin & Jennifer",MH
"Morgan, Mary F.",MH
"Morgan, Nancy",MH
"Morgan, Stanley J. Family Trust",MH
"Morton, Kevin",MH
Morton REI Fund 1 LLC,MH
"Mosley, Jim & Brenda",MH
Moss Farms HOA,MH
"Moya, Patrick",MH
"M-Pack Lures, LLC",MH
Mr Lincoln LLC,MH
MSP Investor Holdings LLC,MH
"Mullelly, Virginia M.",MH
"Mullinix, Betty",MH
Mullinix GST Exempt Family Trust,MH
"Munfy Productions, Inc.",MH
"Munoz, Elizabeth",MH
"Murphy, Daniel & Toni",MH
Murphy Sandwich CSW LLC,MH
"Murray Dental Lab, LLC",MH
"Murr, Teresa",MH
"Murr, Tony & Collette",MH
"Muse, Billie",MH
"Musick, Daniel",MH
"MVProduction Group, LLC",MH
"My Flippin Family, LLC",MH
Myles PR II Holding Inc.,MH
Myles PR Limited Partnership,MH
"Myles, Robert & Patricia",MH
"MZT Food, Inc.",MH
N3xt Solutions Inc,MH
"Nahoolewa, Daniel & Carol",MH
"Nalubotula, Anil & Nirikshana Arekanti",MH
Nancy K Oliver Irrev Trust,MH
"NATIVO CAFE Y BODEGA, LLC",MH
"NATIVO GARDENS, LLC",MH
"NATIVO LANDSCAPE, LLC",MH
"Natural Resources, LLC",MH
Naughton 2021 Irrevocable Trust,MH
"Naughton, Brian & Amy | S1208",MH
"Naughton, Kay | S1207",MH
Navigator TMS Holdings LP,MH
Navigator TMS LLC,MH
Navigator TMS Management LLC,MH
Nazzaro Enterprises Texas Inc.,MH
"Nazzaro Enterprises Texas, Inc",MH
"Neal, Paul & Bethany",MH
"Needham, Kelly & James",MH
"NEEDHIM MINISTRIES, INC",MH
"Needmore Wine, Inc.",MH
Neil Fogel LLC,MH
"Neill, Christine",MH
"Neill, Olivia & Aycock, Alexander",MH
Neogen Mental Health Behavioral Svc,MH
"NE Tarrant Internal Medicine Assoc., LLP",MH
"NETIMA, LLC",MH
"Netvious, LLC",MH
"Neuwirth, Patrick & Tina",MH
New Branches Health Group LLC,MH
"Nguyen, Michael L MD PA",MH
"Nguyen, Michael & Margaret",MH
"Nguyen, Thang & Tina",MH
"Nichols, Clyde & Charlotte | S1016",MH
Nick Filadelfia & Chaon Artmanni,MH
Ni Dan PLLC,MH
"Nieto, Daniel & Jessica",MH
"Nippert, William & Melanie",MH
Noah Walton & Rebekah Nolte,MH
"Noell, Courtney & Doug",MH
"Nolte, Ariel",MH
"Nolte, Beth",MH
Nolte Enterprises LLC,MH
"Nolte, Faith",MH
"Nolte, Finus & Courtney",MH
"Nolte, Jacob Jason Nolte Trust",MH
"Nolte, JD & Kennedy",MH
"Nolte, John & Mary",MH
"Nolte, Joseph & Sharon",MH
"Nolte, Josiah John Trust",MH
"Nolte Jr., Joseph & Kennedy",MH
"Nolte, Rebekah",MH
"Nolte, Selah Dawn Trust",MH
"Nolte, Teaguen",MH
"Nolte, Travis",MH
"Nolte, Travis & Tina",MH
"Nolte, William",MH
Noltex Investments Inc.,MH
"Noon, Richard & Associates LLC",MH
"NOON, RICHARD & DANA",MH
"Norman, Dex & Katherine",MH
"Norrell, Barbara",MH
North Central Texas Spine Institute PA,MH
Northstar Real Estate Management,MH
North Tarrant Family Practice,MH
"North Texas Plastic Surgery, PLLC",MH
North Texas Surgical Center LLC,MH
Nosara Clinical Consulting LLC,MH
"Nowicki, Raymond & Annette",MH
N. Texas Pediatric Dentistry & Orthodonti,MH
"N-Tex Marble & Granite, Inc.",MH
NTX Tournaments LLC,MH
"Obaid, Perwez & Laurence",MH
Oceana Med Spa LLC,MH
OES Investments LLC,MH
"O'Harra, Jon & Lisa",MH
"O'harra, Lisa (Realty)",MH
"O'Haugherty, John",MH
"Olsen, Kameron & Danica",MH
"OM Dominion Investments, LLC",MH
One Course Two Hearts LLC,MH
"O'Neil, Kelly & Holly",MH
"O'Neil, Stan",MH
"O'Neil, Susan",MH
Open 1 Door Marketing LLC,MH
"Optimizing Processes, LLC",MH
"Orfa Group, LLC the",MH
"Orta, Karla",MH
"Ortiz, Meagan",MH
"Osako, Alan & Mary Boonindee",MH
Osiana Properties LLC,MH
"Osowo, Dr. Ayodele",MH
"Osowo GI Practice, PA",MH
"O'Steen, Pam",MH
"Ostovar, Herald & Hoda",MH
"Ostovar, Herald MD PA",MH
"Oswald, Jenny | S1212",MH
"Otey, David & Kelly",MH
"Otey Management, Inc. | S1023",MH
"Overall, Reid & Meriden",MH
Owners Association of Grammercy Place,MH
Oxford Place HOA,MH
"Oyeyemi Fabuyi, MD, PA",MH
"Pabon, Heather & Daniel",MH
"Pace, Dustin & Kaitlyn",MH
"Pace, Tyler & Emily",MH
"Pacheco, Elizabeth",MH
"Pacheco, Esther",MH
"Pacilio, William & Nancy | S1213",MH
"Packwood, Wayne & Sandra | S1020",MH
"Page, Morris & Lisa | S1021",MH
"Page, Olivia",MH
"Page, Valerie",MH
Panchsheel Investments LLC,MH
Paris Texas LLC,MH
"Parkhill Chiro & Wellness Center, PC",MH
Parkhill & Wright LLC,MH
"Parks, Sheryl",MH
"Parkwood Associates, Inc",MH
PARSA PARSI REV LIV TRST,MH
"Parsa, Rostam",MH
"Parsons, David & Amy",MH
"Parsons, Isabella",MH
"Parsons, Jillian",MH
Parton Living Trust,MH
Pathway Speech & Language,MH
Patricia L Kirkpatrick Grandchildren TR,MH
Patrick Lee O'Neil Trust,MH
Patrick McKinley CPA PC,MH
"Patrick, Monica & David",MH
"Patton, Ferrel & Jane",MH
"Paul, Blaine",MH
PAUL C HARRIS MD PLLC,MH
"Pavlak, Edward & Erin",MH
"Pavlicin, Robert & Melissa",MH
"Payne, Michael & Patricia",MH
PCW One Leasing LLC,MH
Penny Lane Supply Company LLC,MH
"Perry, William & Anyssa",MH
"Pershing, Daniel & Shelly",MH
"PFTA DFW, LLC",MH
PHB Enterprises LLC,MH
"Phegley, Eileen",MH
"Phegley, James",MH
"Phenix, Matthew & Alexandra",MH
"Phillips, Jay & Sharon",MH
Picket Fence Solutions,MH
"Pickle Ball Players, LLC | S1074",MH
"Piegat, Thomas & Theresa",MH
Pinnacle Billing Solutions LLC,MH
Pittet Company,MH
Pittet Property Management LLC,MH
"Pittet, Raymond & Harmony",MH
Plano Sandwich CSW LLC,MH
"Plesha, Mitch & Sheila",MH
"Plesha Properties, LLC",MH
"Plowman, Janet | S1216",MH
"Pogue, B Garner & Jennifer",MH
Point of Entry Door Systems,MH
"Ponder, Linda",MH
"Pond, Robert & Robin | S1217",MH
"Popp, Christopher | S1218",MH
"Potts, Greg & Laura",MH
"Powell, Shannon",MH
"Pratt, Kate Law PLLC",MH
"Pratt, William & Catherine",MH
"Pretorius, Dawn",MH
"Proair Developments, LP",MH
Proair Group LLC,MH
"Proair Partners, Inc.",MH
"Progressive Fuel Solutions, LLC",MH
"Proper Ventures, Inc. | S9001",MH
Prost Family Inheritance Trust,MH
"Prost, Lina",MH
"Pruitt, Dennis & Kimberly",MH
"Puckett, Richard & Laura",MH
Pull Through Coffee LLC,MH
"Purilix Technologies, Inc.",MH
"Quast, Ray & Essie Quast Trust",MH
"Quenichet, John Wayne & June | S1222",MH
"Quenichet, Wesley",MH
"Quist International, Inc.",MH
"Railsback, Charles & Jackie",MH
"Railsback, Chas & Calista",MH
Railsback Family LP (Charles),MH
Railsback Investment Properties LLC,MH
Railsback Management Company LLC,MH
Raines Carlton Construction LLC,MH
"Raines, Noemi",MH
"Rains, Austin",MH
"Rains, Darrin",MH
"Rambo, Eddie & Lisa",MH
Rancho Alto Pinos LLC,MH
Rancho Altos Pinos LLC,MH
"Randall, Jacob",MH
"Randall, Mark & Susan",MH
"Randall, Susan",MH
"Rank, Virginia | S1224",MH
"Rashdan, Iyad & Iman Ali",MH
"Rashid, Rehan & Heather",MH
"Ratliff & Associates, CPAs, Inc.",MH
RDR Designs LLC,MH
"Read, Reggie & Shellie",MH
"Rea, Harriet",MH
Rebecca I. Estes Trust,MH
Rebekah Gilbert LLC,MH
Rebekah Joye Nolte Trust,MH
"Recent Solutions, LLC",MH
Redfield's Management Company,MH
"Redfield's Operating Partnership, LP",MH
"Redfield's Tavern Partnership, L.P.",MH
"Reed, Heidi",MH
"Reedy, Elvie Leon",MH
"Reeves, Adam & Emily",MH
"Reid, Darlene",MH
"Rein, Jeff & Samantha",MH
"Reithmeier, Chad & Nancy",MH
Remember That Time Photobooth LLC,MH
Rendon's Transport,MH
"Rentschler, Eric & Elizabeth",MH
Return to Function Management LLC,MH
"Return to Function, PLLC",MH
"Reward Development, LLC",MH
"Reyenga, Colin & Catherine",MH
"Reynold, Jeremy",MH
R&G Capital Advisors,MH
"RG Dryden Properties, LLC",MH
RGRE Group LLC,MH
"R & H Aviation, LLC",MH
Riata Therapy Specialists PLLC,MH
"Richard, Ashlyn",MH
Richard Davis Trust,MH
"Richard, Donnie & Kari",MH
"Richard Linsky, MD, PA",MH
"Richards, Josh & Terra",MH
"Richardson, Harrison",MH
"Rickert-Knieriem, Susan & Russell",MH
Rickert Real Estate LLC,MH
"Rickert, Samuel",MH
"Ricketts, Justin and Natalie | S1226",MH
"Rifle Aviation, LLC",MH
"Rigby, Brent & Kristen",MH
"Riggs, Don",MH
"Rigsby, James & Patricia | S1227",MH
"Riley, Don & Kelli",MH
"Rios, Tony",MH
"Riquelmy, Edward",MH
"Rister, Scott & Jeanna",MH
"Ritterbusch, Michelle | S1228",MH
"Ritterbusch, Todd | S 1229",MH
"Rivertree Construction, LLC",MH
R.Moore & Associates LLC,MH
"R&M Safetyworks, LLC",MH
"Roach, Dorothy",MH
"Roach, Jonathan & Nicole",MH
"Roach, Michael & Linda",MH
"Robbins, Daniel & Rhonda",MH
Roberge-Hines Children's Trust,MH
Roberge Hines Investment Trust,MH
"ROBERSON, DEBBIE",MH
Robert A Maass Family Trust,MH
Robert Beatty DDS PA,MH
Robert Norris Gilliam Estate,MH
"Robertson, Clarence | S1001",MH
"Roberts, Robert & Niki",MH
"Roberts, Rodney & Melissa",MH
Robert Tytan Myles Family LP Holdings,MH
"Robert Zicterman, DC PLLC",MH
"Robinson, Don & Joan",MH
"Rocher, LLC",MH
Rock'nM Resources LLC,MH
RockyBlaser Holdings LLC,MH
"Rodrigue, Linda",MH
"Rogers, Scot",MH
Roku Dan LLC,MH
"Rolf, Marilyn",MH
"Rombach, Paul & Rebecca",MH
"Romero, Marcela & Drury, Robert",MH
"Roopa Sathyaprakash, MD, PA",MH
Rosedale Sandwich CSW LLC,MH
"Rosenquist, David & Mindi",MH
"Ross, David & Cynthia Mickens Ross",MH
"Rossi, Stefano & Susan",MH
"Rotholz, Lee",MH
Rothschiller Family Ltd Partnership,MH
Rothschiller Holdings LLC,MH
"RSD Equity Partners, Ltd",MH
"RTMA Enterprises, Inc.",MH
Ruben LLC,MH
"Rudman, Jason & Kim",MH
"Rueck, Elaine",MH
"Ruiz, Lilianna",MH
"Ruiz, Richard",MH
"Ruiz, Santana",MH
"RULAND, JULIA",MH
Ruland & Nguyen Investment LLC,MH
"Ruland, Paul",MH
Ruland & Ruland Contruction LLC,MH
"Ruland, Todd & Deborah",MH
"Russell, Jacob & Kristen",MH
"Russell, Mark & Kerri",MH
"Rust, Wendell & Maria | S1233",MH
Rusty Greer Baseball School,MH
"Ruth, Jeffrey S.",MH
"Ryan, Christina",MH
Ry&D Enterprises,MH
"Sacks, Sheri",MH
"Sadler, Mitzi | S1234",MH
SAK Economics LLC,MH
"Saladino, Tony & Judy | S1235",MH
"Sale, Richard & Mary | S1236",MH
"Sale, Stephen & Margaret",MH
"Salsbury, Bruce & Jennifer",MH
Sam Stuart GS Trust,MH
"Sanchez, Dalia",MH
Sandlot Baseball Academy LLC,MH
Sanford Oaks Animal Clinic PC,MH
Sanitas Advisors Management Company LLC,MH
SANITAS ADVISORS TEXAS LLC,MH
Satellite City Holdings LLC,MH
"Savage, David & Jill | S1325",MH
"Savage, Emily",MH
"Savage, Oscar",MH
Savoir Faire Specialty Services | S1331,MH
"Savoy, Christopher",MH
SBGA Holdings Inc,MH
ScHeOv LLC,MH
"Scherer, Robert and Elizabeth | S1239",MH
"Schlueter, Doris",MH
Schnappsters LLC,MH
"Schroeter, Laura",MH
"Schwartz, Ethel M Lead Trust",MH
"Schwartz, James & Joy",MH
"Schwartz, Kay",MH
"Scott, George & Allison",MH
Scott Gregory Schingle Trust,MH
"Scott, John Jr DO PLLC",MH
"Scott, John S",MH
"Scott Lauer, DO",MH
SDC-Texas Enterprises Inc,MH
"SDK Desserts, LLC",MH
"Seasoned Chef, LLC",MH
"Seaver, Dale & Judy",MH
"Sebben, John",MH
"Seder, Ken & Michele",MH
"Seder, Walt & Linda",MH
"Seibert, David Cole",MH
"Seibert, David & Julie | S1241",MH
"Self, James & Karen | S1243",MH
"Selym II, Inc",MH
Selym LP,MH
"Semiconductor Equpment Services, Corp",MH
SEMPER INVICTUS HOLDINGS,MH
Service First Softwash LLC,MH
"Sewell, Ben & Julie",MH
Sewell Energy LP,MH
Sewell Family Insurance Trust,MH
"Sewell, Kelly & Terry",MH
Sewell Ventures Inc,MH
"Sewell, Wanda",MH
Shadowood Trail Condominium Assoc,MH
"Sharkey, Keith & Liza",MH
"Sharma, Krishan & Sasha",MH
Sharon K Williamson Supplemental,MH
"SHARP, MISTY",MH
"Sharp, Scott & Amanda",MH
"Sheffield, Gerald & Susan",MH
"Sheldon, Jason",MH
Shelly Lloyd Design,MH
"Shepherd, Robbie & Lynda | S1245",MH
"Sherry, John & Corrine",MH
"Sherwood, Greg",MH
"Sherwood, Leslie",MH
"Sheth, Neil & Akta",MH
"Shields, Clark & Cynthia | S1246",MH
"Shimkus, Olivia",MH
Shodan Management LLC,MH
Shook Living Trust,MH
"Short Haul Concrete, LLC",MH
"Short, Jody & Julie",MH
"Shrewsbury,JR Coaching&Consulting | S1248",MH
"Shrewsbury, Thomas & June | S1248",MH
Sideline Marketing Agency LLC,MH
"Sides, Dwaine & Janice",MH
"Sieck, Rusty & Tina",MH
SIFT LLC,MH
Simba Ranch LLC,MH
"Simpler, Jimmy & Dawn | S1321",MH
SimpliciTea,MH
"Sims, John & Merina",MH
Sindhanele Enterprises LLC,MH
SJNM LLC,MH
"SJNM, LLC",MH
Skierski Jain PLLC,MH
"Skipper, Frank",MH
Slate Pyschiatry PLLC,MH
SlicGolf LLC,MH
"Slominsky, Adam & Maryrose",MH
"SLT Real Estate Group, LLC | S1268",MH
Smart Move Realty LLC,MH
"Smith Appraisals, LLC",MH
"Smith, Damon & Dana",MH
"Smith, David & Charlotte | S1252",MH
"Smith, Kevin & Candina",MH
Smith Lawn & Tree,MH
"Smith, Lisa Michelle | S1253",MH
"Smith, Rowdy & Kelsey",MH
"Smitz, Matthew",MH
SML Capital LLC,MH
SML Capital Realty LLC,MH
"Smolik, Vincent & Denise",MH
"Snyder, Rich & Karen",MH
"Sochin Group, Inc.",MH
"Solis, Andres & Louise",MH
"Sones, Harold & Nancy",MH
SophosMD LLC,MH
SOTE Performing Arts Center LLC,MH
Southern Gate Contracting LLC,MH
Southlake Homeowners Association,MH
Southlake Sandwich CSW LLC,MH
"South, Samuel & Jacquelyn",MH
"Southwest Log Homes, Inc.",MH
"Southwest Log Homes Partners, Inc.",MH
"Southwest Log & Timberworks, Inc.",MH
Spa Desert Getaways LLC,MH
"Sparks, Steven L.",MH
Specialty Solutions Construction LLC,MH
"Spector Ross, LLC",MH
"Spiller, Marvin & Gerogia | S1314",MH
"Spine Disorders, PLLC",MH
"Spine Source, Inc.",MH
"Spooner, Kyle & Janice",MH
"Sprague, William & Sally | S1257",MH
"Springer, Michael & Sheila",MH
SRB Wellness,MH
"S & S Fitzgerald Group, LLC",MH
"Staab, James & Lanese Turner | S1258",MH
Staff Meeting,MH
"Stahl, Michael & Amy",MH
Stahl Worldwide LLC,MH
"Stamps, Doug & Angela | S1259",MH
"Stamps, Greg & Rebecca | S1260",MH
"Stamps, Reese",MH
"Stansell, Wade & Deborah",MH
"Stanton Breuer, Inka & Gary",MH
"Stanton, Terry",MH
"Stapleton, Barry & Keshia",MH
"Stator, LLC",MH
"Staver, Jason & Amanda",MH
"Steach, Tyler & Megan",MH
"Stegall, Barry & Gloria | S1022",MH
Stephen Colbert PC,MH
"Stephens, Jaison & Rosy",MH
"Stephenson, Mark",MH
"Stern, Brandon & Lindsay",MH
"Steve Beasley Construction, Inc.",MH
"Stevens, Barbara",MH
"Stevens, Greg & Suzanne",MH
"Stevens, John & Tammy",MH
"Stevenson, Billy & Vicki",MH
"Stevenson, William",MH
Steward Financial Group | S9014,MH
"Stewart, Harold & Deana",MH
"Stewart, Michael & Dorothy",MH
"Stewart, Nina",MH
"Stewart, Ronald & Kristen",MH
Stiefel Family Trust,MH
"Stiefel Financial Group, Inc. | S9012",MH
"Stix Baseball Club, LLC",MH
"St. John, Sharon",MH
"STJPWinter Enterprises, LLC",MH
"Stone, Ralph & Susan",MH
Stown Enterprises LLC,MH
Strategic Health Management Partners LLC,MH
"Stuart, Hallie",MH
"Stuart, Marcia",MH
Sunbelt Cup Company Inc | S1324,MH
"SUNBELT PACKAGING SALES, LLC",MH
Sunbelt Pack. Sales Operations LP,MH
Sunbern Investments LLC,MH
Sunshine Lane LLC,MH
Supply Central Corporation,MH
Surg-Asist,MH
SurgiPro LLC,MH
"Sutcliffe, Warren",MH
Suzanne Terrace Properties LLC,MH
Sweet T's LLC,MH
"Swift Contractors, Inc.",MH
"Swift Custom Homes, Inc.",MH
"Swingle, Donald & Kelly",MH
Sylvester Family Trust,MH
"Sypert, Zach & Meagan",MH
"Tabbert, Cole",MH
Takeda Revocable Trust,MH
"Tamayo, Frank & Espie",MH
"Tamtes Transporation, Inc.",MH
"Tanner, Sheryl",MH
"Tapia, Marco & Sandra",MH
Tarrant County PS Property LLC,MH
TAUNTON ARCHITECTURE & DESIGN LLC,MH
Taunton Investment Group LLC,MH
"Taunton, Jacob & Margaret",MH
"Taunton, James & Adrianna",MH
Taunton Land & Cattle LLC,MH
"Taunton, O. David Jr",MH
"Taunton, O David, MD PA",MH
"Taunton, O. David Sr. & Myra",MH
"Taunton, Vicki",MH
"Taunto, Ryan",MH
"Tavakolian, Lindsey MD PLLC",MH
"Tavakolian, Paul & Lindsey",MH
"Tavakolian, Paul MD PA",MH
Tax Analysis & Appeals LLC,MH
"Taylor, Kimberly | S1267",MH
"Taylor, Matthew & Michelle",MH
"Taylor, Shane & Leshia | S1268",MH
"TCMS, LLC",MH
"TC Surgical Enterprises, LLC",MH
"TC Surgical, Inc.",MH
"Tealife, LP",MH
"TEKI, PA",MH
TEKI SDC Acquisition Company LLC,MH
TEKI-SDC Acquisition Company LLC,MH
TEKI TC LLC,MH
"Tempus Development, LLC",MH
"Tempus Land Solutions, LLC",MH
TENT Imaging Ventures LLC,MH
Ternium LLC,MH
"Testing, LLC",MH
Texas Display LLC,MH
"Texas ENT Center, PA",MH
"Texas ENT Specialists, LLP",MH
Texas H.C. LLC,MH
"Texas Lung Care Associates, LLC",MH
"Texas Orthopedic Specialists, PLLC",MH
Texas Orthopedic & Spine Associates,MH
Texas Stix Lockwood LLC,MH
Texas Vig LLC,MH
TGJ Building,MH
"T&H 2419, LLC",MH
T&H 2429 LLC,MH
"Thacker, Dorothy",MH
"Thacker, E & D Thacker Family Trust",MH
"Thacker, Edward",MH
The ABC's of Everything LLC,MH
The Bridge Recovery Homes LLC,MH
The Buntin Family Living Trust,MH
The Canopy Homeowners Association,MH
The Channel Advisors LLC,MH
The Clareon House LLC,MH
The Colby Group PLLC,MH
The Conservation HOA,MH
"The Creede Colorado Hotstuff, LP",MH
"The Flagdown Group, LLC",MH
The Ford Agency LLC,MH
The Fountains at Riverwalk Owners Assoc,MH
The Hutchings Real Estate Group Inc,MH
The Johann Family Trust,MH
"Theleman, Kevin & Jojo",MH
"The Patilo Ranch, LP",MH
The Pickle Juice Company LLC,MH
"The Rudd Company, LLC",MH
The Tayler Freeland Johann Trust,MH
"Thetford, Anita",MH
The Unstuck Space PLLC,MH
"Thibodeaux, Alton & Mary Ann",MH
"Thibodeaux, Mary Ann Retirement Benefits",MH
"Thibodeaux, Mary Ann Trust",MH
"ThinkFast Group, LLC",MH
THJ Family Ltd.,MH
"THND Alliance II, LLC",MH
"THND Alliance I, LLC",MH
"Thoden, Erik & Megan",MH
Thomas & Gwendolin Rein,MH
"Thomas, Trey & Heather",MH
"Thornhill, Dennis & Nancy",MH
Thoroughbred Design LLC,MH
"T&H Partners, Ltd.",MH
Thrive Integrated Health PLLC,MH
"Thrive+, LLC",MH
"Tice, Randy & Ann | S1270",MH
"Tierney, Mike",MH
"Tillery, Carl",MH
"TILLERY, CARL D & KIMBERLY K",MH
"Tillotson, Mary",MH
"Timber Homes, Inc.",MH
TINA NEUWIRTH,MH
"Tiny Dancer Enterprises, LLC",MH
"Tiscia O'Brien, Inc.",MH
TJH Family LP,MH
TK Walden LP,MH
TML Consulting Inc.,MH
"TMMP, LLC",MH
TMS Psychiatry PLLC,MH
"Tocco, Joe & Stefanie",MH
"Todd Ruland DC PC, Chiro Plus PC",MH
"T Off Men's Health Dallas, LLC",MH
"T Off Men's Health Fort Worth, LLC",MH
"T Off Men's Health Keller, LLC",MH
"Tolson, Luke",MH
"Tongate, Jamie",MH
Top Prospects Academy LLC,MH
Top Shelf Merchants LLC,MH
Top Shelf Sellers LLC,MH
"Tower, Alexander & Rachel",MH
Tower B.B.H.M. LLC,MH
TPA Holdings LLC,MH
TPH Management LLC,MH
Tracey Winter 2001 Irrevocable Trust,MH
"Tran, Nguyen & Thuc",MH
"Traweek, Gideon & Kimberly",MH
"Trent, Chris & Karen | S1271",MH
"Trent, John & Carol",MH
"Tridex, Inc.",MH
"Trigg, Lynne",MH
"Trimble, Elizabeth & Michael",MH
"Trinity Wellness Center, PC",MH
"Triple L L L Construction, LLC",MH
Triple M GP Ltd,MH
"Triple M Group, Ltd. | S1208",MH
"Tri-Rae Enterprises, LLC",MH
Trisha D McLain Tievon Trust,MH
Triumphant Healthcare Solutions LLC,MH
"Troum, Diane",MH
"Troum, Stephen",MH
"Troutman, Derek & Letitia",MH
"Tschirgorian Holdings, LLC",MH
T & S Horton LLC,MH
"TTRTD, LP",MH
TTU Orthopaedic Alumni Association,MH
"Tucker, Thomas & Mary",MH
"TUHA, LATU",MH
"Tulle, David & Janette",MH
"Turner, Ruedele | S1272",MH
"Tuttle, Billie",MH
"Twin SS Enterprises, LLC",MH
"Twin Trees Builders, Inc.",MH
TWN ENTERPRISES GP LLC (991059108),MH
"Two Old Goats, LLC",MH
"Tyler, Noah & Nisha",MH
"Uebelhack, David & Luz",MH
Unhurried Life,MH
Untapped Potential Business Consulting LL,MH
Uptown OB/GYN PA,MH
"Vaca, Daniel & Jamie | S1275",MH
Vacation,MH
"Vache, Isabel",MH
"Vache, Maxwell",MH
"Vallecito Capital, LLC",MH
"Vallecito Holdings, LLC",MH
"Value Builders, Inc.",MH
Vance Aviation LLC,MH
"Vance, Gladys",MH
"Vance, Michael & Barbara",MH
"VanCore, LLC",MH
"VAN DER GAAST, NICHOLAS & HAYLEY",MH
"Vandervoort, Georgia",MH
Van Poppel,MH
"Van Poppel, Halee",MH
"Van Poppel, Tate",MH
"Van Poppel, Todd",MH
"VanQuin, Inc.",MH
"Van Trease Constructors, LLC",MH
"Van Trease Development, Inc.",MH
Van Trease Family Limited Partnership,MH
"Van Trease Holdings, LLC",MH
VanZant Group,MH
"Varble, William",MH
"Vaughn, Taylor & Lynn",MH
"Vega, Fred | S1278",MH
"Velasco, Diane & Ernesto",MH
Velasco Marketing Communications LLC,MH
"Veley, Eugene & Deborah",MH
"Venegoni, Marlys",MH
"Venegoni, Richard A Trust",MH
"Vercruysse, Amy",MH
Versacor Enterprises LLC,MH
V Facciuolo LLC,MH
"Via Mountain Designs, LLC",MH
"Victory Gran Caffe, LP",MH
Vigilent Capital Consulting Inc,MH
Vikas Aurora Trust,MH
Village of Oak Park HOA,MH
"Villalobos, Rocky",MH
Virtual Speech Therapy PLLC,MH
Virtuoso Surgery Center LLC,MH
"Vriesenga, Craig",MH
"Vriesenga, Mary",MH
"Wagenseller, Blake",MH
Wagenseller Investments LLC,MH
"waggoner, Kamryn",MH
"Waggoner, Kelvin & Kathy | S1281",MH
"Wagner, Elizabeth",MH
"WALBORN, JOHN & COURTNEY",MH
"Walker-TRB, LLC",MH
Walking C Ranch,MH
Wallace Family Trust,MH
Wallace Marital Trust,MH
"Wallen, Phillip & Conya",MH
"Wall Homes Florida, LLC",MH
"Walsh, Jason & Kelly",MH
"Walters, Aldeman & Nakaiya",MH
"Ware, Brandon & Casey",MH
"Warner Search Group, LLC",MH
"Warren, Kirby & Joann",MH
"Washington, Kimberly",MH
"Watt, Jeffrey",MH
Wave Crest Dentistry PLLC | S1283,MH
Waxahachie Sandwich CSW LLC,MH
"Waypoint Technologies, LLC",MH
W.C. Tillery Living Trust,MH
"Weather Event Specialists, LLC",MH
"Webb, Heidrun",MH
"Webstar Medcomm, Inc.",MH
"Webster, Ronnie",MH
"Webster, Suzana",MH
"Weel, James B & Lynette",MH
"Weible, Wesley & Kathleen | S1283",MH
"Wekesser, Dustin",MH
"Welch, Doyle & Elizabeth | S1284",MH
"Wells, Clifton & Rosa",MH
"Wells, Daren & Carie | S1286",MH
"Wells, George & Teresa",MH
Wellspring Human Capital Mgt LLC,MH
Wellspring Insurance Agency Inc,MH
"Welton, Mandy",MH
West Coast Exotics Texas LLC | S1084,MH
WH and SH Tanner Family Trust,MH
"Wheat, Nelda",MH
"Wheeler, Annye K | S1287",MH
Wheny Co LLC,MH
Whisman Consulting Inc.,MH
"Whisman, Kyle GST Trust",MH
"Whisman, Kyle & Jamie",MH
"White, Diane",MH
"White, Stephen & Anna",MH
"White, Stephen MD PA",MH
"Wicks, Lulu",MH
"Wild & Free Teepee, LLC",MH
William J. Crawford Sub-Trust,MH
"Williams, George T Separate Trust",MH
"Williams, Michael & Tiffany",MH
Williamson & Coley LLC,MH
"Williamson, Daniel & Alyssa",MH
"Williamson, Sharon",MH
William & The 4 Princessses for Custom En,MH
"Williford, Floyd & Sally",MH
"Williford Interests, LLC | S1289",MH
"Willingham, David & Gloria | S1290",MH
"Willingham, David Trust | S1290",MH
"Willingham, OD PA David | S1290",MH
Willjack Holdings LLC,MH
"Willow Tree, LLC",MH
"Willowtree Services, LLC",MH
"Wills, Charles & Barbara | S1291",MH
"Wilson, Daniel & Lara",MH
"Wilson, Matt & Diann",MH
"Windle, Nina | S1292",MH
"Winfree, Charles & Marilyn",MH
"Winn, Darin & Michele | S1293",MH
"Winnetka Holdings 509, LLC",MH
Winn Family Real Estate LLC,MH
"Winn, Patrick & Holly",MH
"Winstead, Elizabeth Lynn",MH
"Woberon Investments, LLC",MH
"Wolverton, Robert & Lynda | S1296",MH
"Women's Integrated Healthcare, PA",MH
"Woodbery, John & Margaret",MH
"Wood, Robert & Mary",MH
"Wood, Shannon",MH
WordPlay Inc.,MH
"Wright, Andrew",MH
"Wright Jr., Alvin Lee | S1297",MH
"Wright, Kathleen",MH
WTD Burney LLC,MH
"WTD Global, LLC",MH
WTD Partners LLC,MH
"WTD The Canopy, LLC",MH
"Yoakum, Raymond & Carol | S1299",MH
"Yojo Co., LLC",MH
"York, Chris & Jackie | S1300",MH
"Young, Andrew",MH
"Young, Charles",MH
"Young Works, LLC",MH
"Your Home Base in DFW, LP",MH
"Yuan, Irene | S1301",MH
"Yunker, Barbara",MH
Zanna Group LLC,MH
"Zavodny, Theresa",MH
ZEM Holdings II LLC,MH
ZEM Properties,MH
"Zhang, Yu & Chris White",MH
"Zicterman, Robert & Karen",MH
"Zrake, Gladys | S1302",MH
"Zrake, Nicole",MH
"Zrake, Steven & Mary | S1303",MH
Zur Homes LLC,MH
